独占配信,獨家發布,
中出し,中出,
体操着・ブルマ,運動服,
競泳・スクール水着,游泳學校的游泳衣,
Eカップ,E罩杯,
配信専用,配信專用,
レズ,緊身衣,
ごっくん,捉迷藏,
局部アップ,局部提高,
ホテル,酒店,
通販,購物,
ミニスカポリス,超短裙警察,
ビッチ,婊子,
鬼畜,鬼畜,
スワッピング・夫婦交換,交換/戴綠帽子,
ハメ撮り,POV,
ファン感謝・訪問,粉絲感謝/參觀,
デカチン・巨根,巨根,
学生服,Student Clothes,
職業色々,各種職業,
病院・クリニック,醫院/診所,
バニーガール,兔女郎,
クスコ,陰道鏡,
小柄,嬌小,
変身ヒロイン,變身女主角,
放尿・失禁,放尿、失禁,
ホラー,恐怖,
覆面・マスク,面罩/面罩,
着物・浴衣,和服、浴衣,
単体作品,單體作品,
お爺ちゃん,爺爺,
白目・失神,白眼/暈厥,
指マン,手指男人,
脱糞,排便,
ラブコメ,愛情喜劇,
ぶっかけ,顏射,
プレステージ30％OFF,Prestige 30％OFF,
アジア女優,亞洲女演員,
OL,OL,
モデル,模型,
コミック,漫畫,
面接,面試,
ディルド,假陽具,
看護婦・ナース,護士護士,
游泳衣,水著,
デート,約會,
白人女優,白人女演員,
ローター,震蛋,
カーセックス,車內做愛,
バック,後背,
アクメ・オーガズム,絕頂高潮,
女将・女主人,女主人,
女教師,女教師,
温泉,溫泉,
COSPLAY服饰,COSPLAY服飾,
スポーツ,體育運動,
国外,海外,
ギリモザ,薄馬賽克,
ロリ,蘿莉,
M男,M男,
Gカップ,G罩杯,
飲み会・合コン,飲酒黨/聯合黨,
近親相姦,近親通姦,
ハイビジョン,高清,
義母,岳母,
ハーレム,后宮,
ノーパン,不穿內褲,
電マ,按摩棒,
ナンパ,搭訕,
ゲロ,嘔吐,
未亡人,未亡人,
叔母さん,阿姨,
その他フェチ,其他戀物癖,
ブランドストア30％OFF！,品牌商店30％OFF！,
3P・4P,3P・4P,
手コキ,打手槍,
胸チラ,胸部希拉,
ギャル,辣妹,
学園もの,校園劇,
触手,觸手,
女優ベスト・総集編,女演員最佳/摘要,
スパンキング,打屁股,
露出,露出,
インディーズ,印度人,
イラマチオ,Iramachio,
キス・接吻,接吻,
お姉さん,姐姐,
体験告白,自白,
美脚,美腳,
妄想,妄想,
ドラッグ・媚薬,春藥,
ルーズソックス,寬鬆的襪子,
電子書籍,電子書,
ファンタジー,幻想,
コスプレ・制服,Cosplay 制服,
早漏,早洩,
パイパン,光頭,
不倫,不倫,
童貞,處男,
フェチ,戀物癖,
盗撮,偷拍,
SF,SF,
顔射,顏射,
辱め,屈辱,
女王様,女王,
姉・妹,姐姐、妹妹,
ふたなり,扶他,
複数話,多集,
超乳,超級巨乳,
童顔,童顏,
内衣,下著,
くノ一,女忍者,
脚フェチ,戀腿癖,
処女,處女,
フィスト,拳頭,
足コキ,腳交,
ダンス,舞蹈,
レズキス,女同性戀之吻,
清楚,清秀,
エマニエル,Emmanuelle,
M女,M女,
女医,女醫生,
素人,素人,
マーケットプレイス,市場,
コスプレ,COSPLAY,
鼻フック,鼻環,
オモチャ,玩具,
筋肉,肌肉,
部活・マネージャー,俱樂部/經理,
妊婦,孕婦,
新人ちゃん続々デビュー,新人出道,
アスリート,運動員,
アイドル・芸能人,偶像藝人,
妄想族,妄想族,
罵倒,辱罵,
パンチラモノ,內衣,
パンスト・タイツ,連褲襪/褲襪,
拘束,拘束,
スチュワーデス・CA,空姐CA,
レズ,女同性戀,
その他,其他,
おもちゃ,玩具,
美尻,美尻,
VR,VR,
ドキュメンタリー,記錄片,
巫女,巫女,
キス,接吻,
VR専用,VR,
口内発射,口內發射,
アニメ,動漫,
个人摄影,個人撮影,
レースクィーン,賽車女郎,
泥酔,爛醉如泥,
介護,看護,
日焼け,褐色皮膚,
即ハメ,馬上插入,
キャンギャル,Showgirl,
女捜査官,女搜查官,
ウェイトレス,女服務員,
女子校生,女學生,
洋ピン・海外輸入,外國人,
ニューハーフ,變性人,
デビュー作品,出道作品,
クンニ,舔陰,
野外・露出,野外露出,
熟女,熟女,
家庭教師,家庭教師,
コラボ作品,合作作品,
和服・浴衣,和服/浴衣,
格闘家,格鬥家,
お婆ちゃん,祖母,
時間停止,時間停止,
ボディコン,身體控制,
セクシー,性感,
メイド,女傭,
DVD/CD,DVD/CD,
尻フェチ,屁股戀物癖,
動画,視頻,
Fカップ,F罩杯,
エステ・マッサージ,美容按摩,
寝取り・寝取られ,NTR,
復刻,復刻,
ドラマ,電視劇,
ロボット,機器人,
ギャグ・コメディ,搞笑喜劇,
美少女,美少女,
自分撮り,自拍,
ネコミミ・獣系,Nekomimi / Beast,
初撮り,首次拍攝,
スマホ推奨縦動画,手機專用垂直影片,
アイドル,偶像,
男の潮吹き,男性潮吹,
アクション・格闘,格鬥動作,
縛り・緊縛,束縛,
放置,放置,
エロス,愛神,
コスプレ・制服,Cosplay,
ママ友,媽媽朋友,
投稿,投稿,
バスガイド,女導遊,
シックスナイン,69,
キャバ嬢・風俗嬢,陪酒女郎,
母乳,母乳,
同人,同人誌,
お風呂,洗澡,
スレンダー,身材苗條,
手マン,指插,
逆レイプ,逆強姦,
インストラクター,教練,
お母さん,媽媽,
騎乗位,騎乘位,
主観,主觀,
ヨガ,瑜伽,
ゲイ,男同性戀,
お嬢様・令嬢,女士/女兒,
オナサポ,協助自慰,
チアガール,啦啦隊,
Vシネマ,V電影院,
浣腸,灌腸,
ハイクオリティVR,高品質VR,
ショタ,正太,
デジモ,Digimo,
長身,高大,
モデル,模型,
そっくりさん,相似,
寝取り・寝取られ・NTR,NTR,
ぽっちゃり,身形豐滿,
着エロ,色情穿著,
蝋燭,蠟燭,
ミニ系,Mini,
セレブ,名人,
花嫁・若妻,新娘/年輕的妻子,
性転換・女体化,性轉換/女性裝扮,
オナニー,自慰,
ノーブラ,不戴胸罩,
Dカップ,D罩杯,
OL・お姉さん,OL姐姐,
秘書,秘書,
パイズリ,乳交,
女子アナ,女主播,
Hカップ,H罩杯,
放尿・お漏らし,小便/洩漏,
監禁,監禁,
サンプル動画,範例影片,
黒人男優,黑人男演員,
女戦士,女戰士,
アダルトPCゲーム,成人PC遊戲,
盗撮・のぞき,偷拍,
SM,SM,
めがね,眼鏡,
コンパニオン,女陪酒,
恋愛,戀愛,
企画,計劃,
孕ませ,強迫懷孕,
MGSだけのおまけ映像付き,只附帶MGS的贈品影像,
フェラ,口交,
淫乱・ハード系,淫亂硬系,
部下・同僚,下屬/同事,
いろいろレンタル,各種租賃,
痴女,痴女,
イタズラ,惡作劇,
色白,白皙,
淫語,淫語,
顔面騎乗,顏面騎乘,
エステ,美容,
生ハメ,無套,
人妻,人妻,
4時間以上作品,4小時以上作品,
飲尿,飲尿,
サイコ・スリラー,心理驚悚片,
くすぐり,發癢,
巨乳,巨乳,
16時間以上作品,16小時以上作品,
オリジナル,原創,
貧乳・微乳,貧乳/微乳,
ゲーム実写版,遊戲直播版,
パンチラ,內衣,
贫奶,貧乳,
3D,3D,
痴漢,痴漢,
旅行,旅行,
特撮,特殊效果,
イメージビデオ（男性）,圖像視頻（男）,
若妻・幼妻,年輕妻子/年輕妻子,
ランジェリー,女性內衣褲,
汗だく,汗流浹背,
チャイナドレス,中國服飾,
無修正,無修正,
女装・男の娘,偽娘,
流出,流出,
アナル,肛門,
逆ナン,逆搭訕,
ミニスカ,迷你裙,
軟体,柔軟的身體,
ドラッグ,拖動,
BL,BL,
女上司,女上司,
FANZA配信限定,FANZA獨佔,
ダーク系,黑暗,
クラシック,經典,
イメージビデオ,圖片影片,
女子大生,女大學生,
ゲイ・ホモ,同性戀,
ボンテージ,束縛,
爆乳,爆乳,
期間限定セール,限時特賣,
花嫁,新娘,
娘・養女,女兒/被收養的女人,
オタク,御宅族,
ボーイズラブ," Boys Love",
お姫様,公主,
裸エプロン,裸禮圍裙,
巨尻,巨臀,
制服,制服,
メガネ,眼鏡,
残虐表現,殘酷表情,
淫語モノ,淫語故事,
ベスト・総集編,合集,
潮吹き,潮吹,
人妻・主婦,已婚婦女,
カップル,情侶,
幼なじみ,兒時的朋友,
ニーソックス,過膝襪,
ドール,娃娃,
羞恥・辱め,羞辱,
セット商品,套裝產品,
可愛い,可爱,
ローション・オイル,乳液/按摩油,
美乳,美乳,
スチュワーデス,空姐,
レオタード,緊身衣,
魔法少女,魔法少女,
ヘルス・ソープ,泡泡浴,
羞恥,羞恥,
乱交,亂交,
アダルト,成人,
アナルセックス,肛交,
コスプレ,Cosplay,
多人数,多人,
ビジネススーツ,西裝,
パラダイスTV,天堂電視,
ツンデレ,傲嬌,
巨乳フェチ,巨乳戀物癖,
金髪・ブロンド,金髪,
ポルチオ,子宮頸,
マッサージ・リフレ,按摩諮詢,
女性向け,女性向,
水着,泳裝,
美女,美女,
拷問,拷問,
異物挿入,插入異物,
フェラ,口交,
中出し,中出,
3P・乱交,3P/亂交,
受付嬢,女接待員,